loan_amnt,funded_amnt,funded_amnt_inv,term,int_rate,installment,grade,sub_grade,emp_title,emp_length,home_ownership,annual_inc,verification_status,issue_d,loan_status,pymnt_plan,purpose,dti,delinq_2yrs,earliest_cr_line,inq_last_6mths,mths_since_last_delinq,mths_since_last_record,open_acc,pub_rec,revol_bal,revol_util,total_acc,initial_list_status,out_prncp,out_prncp_inv,total_pymnt,total_pymnt_inv,total_rec_prncp,total_rec_int,total_rec_late_fee,recoveries,collection_recovery_fee,last_pymnt_d,last_pymnt_amnt,next_pymnt_d,last_credit_pull_d,collections_12_mths_ex_med,application_type,tot_coll_amt,tot_cur_bal,open_acc_6m,open_act_il,open_il_12m,open_il_24m,mths_since_rcnt_il,total_bal_il,il_util,open_rv_12m,open_rv_24m,max_bal_bc,all_util,total_rev_hi_lim,,inq_fi,total_cu_tl,inq_last_12m,acc_open_past_24mths,avg_cur_bal,bc_open_to_buy,bc_util,chargeoff_within_12_mths,delinq_amnt,mo_sin_old_il_acct,mo_sin_old_rev_tl_op,mo_sin_rcnt_rev_tl_op,mo_sin_rcnt_tl,mort_acc,mths_since_recent_bc,mths_since_recent_bc_dlq,mths_since_recent_inq,mths_since_recent_revol_delinq,num_accts_ever_120_pd,num_actv_bc_tl,num_actv_rev_tl,num_bc_sats,num_bc_tl,num_il_tl,num_op_rev_tl,num_rev_accts,num_rev_tl_bal_gt_0,num_sats,num_tl_120dpd_2m,num_tl_30dpd,num_tl_90g_dpd_24m,num_tl_op_past_12m,pct_tl_nvr_dlq,percent_bc_gt_75,pub_rec_bankruptcies,tax_liens,tot_hi_cred_lim,total_bal_ex_mort,total_bc_limit,total_il_high_credit_limit
2500,2500,2500, 36 months,13.56,84.92,C,C1,Chef,10+ years,RENT,55000,Not Verified,Dec-18,Current,n,debt_consolidation,18.24,0,Apr-01,1,,45,9,1,4341,10.3,34,w,2386.02,2386.02,167.02,167.02,113.98,53.04,0,0,0,Feb-19,84.92,Mar-19,Feb-19,0,Individual,0,16901,2,2,1,2,2,12560,69,2,7,2137,28,"42,000",10.34%,1,11,2,9,1878,34360,5.9,0,0,140,212,1,1,0,1,,2,,0,2,5,3,3,16,7,18,5,9,0,0,0,3,100,0,1,0,60124,16901,36500,18124
30000,30000,30000, 60 months,18.94,777.23,D,D2,Postmaster ,10+ years,MORTGAGE,90000,Source Verified,Dec-18,Current,n,debt_consolidation,26.52,0,Jun-87,0,71,75,13,1,12315,24.2,44,w,29387.75,29387.75,1507.11,1507.11,612.25,894.86,0,0,0,Feb-19,777.23,Mar-19,Feb-19,0,Individual,1208,321915,4,4,2,3,3,87153,88,4,5,998,57,"50,800",24.24%,2,15,2,10,24763,13761,8.3,0,0,163,378,4,3,3,4,,4,,0,2,4,4,9,27,8,14,4,13,0,0,0,6,95,0,1,0,372872,99468,15000,94072
5000,5000,5000, 36 months,17.97,180.69,D,D1,Administrative,6 years,MORTGAGE,59280,Source Verified,Dec-18,Current,n,debt_consolidation,10.51,0,Apr-11,0,,,8,0,4599,19.1,13,w,4787.21,4787.21,353.89,353.89,212.79,141.1,0,0,0,Feb-19,180.69,Mar-19,Feb-19,0,Individual,0,110299,0,1,0,2,14,7150,72,0,2,0,35,"24,100",19.08%,1,5,0,4,18383,13800,0,0,0,87,92,15,14,2,77,,14,,0,0,3,3,3,4,6,7,3,8,0,0,0,0,100,0,0,0,136927,11749,13800,10000
4000,4000,4000, 36 months,18.94,146.51,D,D2,IT Supervisor,10+ years,MORTGAGE,92000,Source Verified,Dec-18,Current,n,debt_consolidation,16.74,0,Feb-06,0,,,10,0,5468,78.1,13,w,3831.93,3831.93,286.71,286.71,168.07,118.64,0,0,0,Feb-19,146.51,Mar-19,Feb-19,0,Individual,686,305049,1,5,3,5,5,30683,68,0,0,3761,70,"7,000",78.11%,2,4,3,5,30505,1239,75.2,0,0,62,154,64,5,3,64,,5,,0,1,2,1,2,7,2,3,2,10,0,0,0,3,100,100,0,0,385183,36151,5000,44984
30000,30000,30000, 60 months,16.14,731.78,C,C4,Mechanic,10+ years,MORTGAGE,57250,Not Verified,Dec-18,Current,n,debt_consolidation,26.35,0,Dec-00,0,,,12,0,829,3.6,26,w,29339.02,29339.02,1423.21,1423.21,660.98,762.23,0,0,0,Feb-19,731.78,Mar-19,Feb-19,0,Individual,0,116007,3,5,3,5,4,28845,89,2,4,516,54,"23,100",3.59%,1,0,0,9,9667,8471,8.9,0,0,53,216,2,2,2,2,,13,,0,2,2,3,8,9,6,15,2,12,0,0,0,5,92.3,0,0,0,157548,29674,9300,32332
5550,5550,5550, 36 months,15.02,192.45,C,C3,Director COE,10+ years,MORTGAGE,152500,Not Verified,Dec-18,Current,n,credit_card,37.94,0,Sep-02,3,,,18,0,53854,48.1,44,w,5302.5,5302.5,377.95,377.95,247.5,130.45,0,0,0,Feb-19,192.45,Mar-19,Feb-19,0,Individual,0,685749,1,7,2,3,4,131524,72,1,4,17584,58,"111,900",48.13%,2,4,6,8,40338,23746,64,0,0,195,176,10,4,6,20,,3,,0,4,6,6,10,23,9,15,7,18,0,0,0,4,100,60,0,0,831687,185378,65900,203159
2000,2000,2000, 36 months,17.97,72.28,D,D1,Account Manager,4 years,RENT,51000,Source Verified,Dec-18,Current,n,debt_consolidation,2.4,0,Nov-04,1,,,1,0,0,,9,w,1914.71,1914.71,141.56,141.56,85.29,56.27,0,0,0,Feb-19,72.28,Mar-19,Feb-19,0,Individual,0,854,0,0,2,3,7,0,,0,1,0,100,0,#DIV/0!,0,0,1,4,854,,,0,0,169,40,23,7,0,,,1,,0,0,0,0,3,5,0,3,0,1,0,0,0,2,100,,0,0,854,854,0,0
6000,6000,6000, 36 months,13.56,203.79,C,C1,Assistant Director,10+ years,RENT,65000,Source Verified,Dec-18,Current,n,credit_card,30.1,0,Nov-97,0,,,19,0,38476,69.3,37,w,5864.01,5864.01,201.53,201.53,135.99,65.54,0,0,0,Feb-19,208.31,Mar-19,Feb-19,0,Individual,0,91535,0,5,0,1,23,53059,87,0,2,9413,74,"55,500",69.33%,1,2,0,3,5085,3034,90.8,0,0,169,253,13,13,1,14,,13,,0,7,12,8,10,15,14,20,12,19,0,0,0,0,100,85.7,0,0,117242,91535,33100,61742
5000,5000,5000, 36 months,17.97,180.69,D,D1,Legal Assistant III,10+ years,MORTGAGE,53580,Source Verified,Dec-18,Current,n,debt_consolidation,21.16,0,Aug-98,1,32,,8,0,8018,35.2,38,w,4786.79,4786.79,353.89,353.89,213.21,140.68,0,0,0,Feb-19,180.69,Mar-19,Feb-19,0,Individual,0,41882,5,2,5,5,3,33864,98,1,6,3132,73,"22,800",35.17%,2,1,4,12,5235,13786,35.9,0,0,145,244,6,3,3,6,33,2,32,2,4,5,5,10,20,6,15,5,8,0,0,0,6,78.9,60,0,0,57426,41882,21500,34626
6000,6000,6000, 36 months,14.47,206.44,C,C2,,< 1 year,OWN,300000,Not Verified,Dec-18,Current,n,debt_consolidation,17.43,1,Apr-02,1,17,,38,0,65950,49.8,58,w,5730.2,5730.2,405.64,405.64,269.8,135.84,0,0,0,Feb-19,206.44,Mar-19,Feb-19,0,Individual,0,349502,1,4,1,3,7,39961,45,1,12,15926,48,"132,500",49.77%,2,2,2,15,9197,38683,60.6,0,0,166,200,4,4,1,4,,4,17,0,16,20,19,26,9,33,48,20,38,0,0,0,2,100,26.3,0,0,477390,105911,98300,89600
5500,5500,5500, 36 months,22.35,211.05,D,D5,,< 1 year,MORTGAGE,50000,Not Verified,Dec-18,Current,n,credit_card,15.94,1,May-07,0,22,,6,0,4529,94.4,13,w,5280.75,5280.75,411.86,411.86,219.25,192.61,0,0,0,Feb-19,211.05,Mar-19,Feb-19,0,Individual,0,228151,2,2,1,2,4,13656,87,1,1,2837,89,"4,800",94.35%,2,0,0,3,38025,271,94.4,0,0,139,105,5,4,3,5,22,4,22,2,3,3,3,4,5,3,5,3,6,0,0,1,2,84.6,100,0,0,243452,18185,4800,15649
28000,28000,28000, 60 months,11.31,613.13,B,B3,Consultant,2 years,MORTGAGE,70000,Not Verified,Dec-18,Current,n,credit_card,22.01,0,Dec-03,1,,,10,0,56152,55.9,23,w,27298.25,27298.25,1199.87,1199.87,701.75,498.12,0,0,0,Feb-19,613.13,Mar-19,Feb-19,0,Individual,0,177406,1,1,0,0,62,9484,54,1,2,16284,56,"100,400",55.93%,1,0,1,2,17741,44248,55.9,0,0,180,165,6,6,1,6,,6,,0,5,5,8,9,13,8,9,5,10,0,0,0,1,100,37.5,0,0,259435,65636,100400,17535
11200,11200,11200, 36 months,8.19,351.95,A,A4,Job Coach Supervisor,10+ years,MORTGAGE,65000,Not Verified,Dec-18,Current,n,credit_card,23.6,0,Jun-03,0,,,20,0,8836,16.6,27,w,10647.1,10647.1,696.26,696.26,552.9,143.36,0,0,0,Feb-19,351.95,Mar-19,Feb-19,0,Individual,0,249643,2,8,2,3,1,69959,68,0,0,4603,45,"53,100",16.64%,3,0,3,3,12482,26289,24.7,0,0,170,186,25,1,4,65,,1,,0,4,5,5,5,13,10,10,5,20,0,0,0,2,100,20,0,0,345654,78795,34900,114578
6500,6500,6500, 36 months,17.97,234.9,D,D1,Quality Field Engineer,4 years,MORTGAGE,154000,Source Verified,Dec-18,Current,n,debt_consolidation,28.78,2,Oct-08,0,6,,27,0,23754,60.4,41,w,6222.82,6222.82,460.07,460.07,277.18,182.89,0,0,0,Feb-19,234.9,Mar-19,Feb-19,0,Individual,0,116747,2,8,3,5,1,92993,78,1,6,3943,72,"39,300",60.44%,3,3,3,11,4324,4578,62.8,1,0,122,74,11,1,0,13,,4,,1,5,19,5,8,17,19,24,19,27,0,0,1,4,90.2,20,0,0,169160,116747,12300,129860
22000,22000,22000, 60 months,12.98,500.35,B,B5,Teller ,10+ years,MORTGAGE,65000,Source Verified,Dec-18,Current,n,debt_consolidation,11.19,0,Jul-90,0,,,8,0,134,0.5,16,w,21472.4,21472.4,976.9,976.9,527.6,449.3,0,0,0,Feb-19,500.35,Mar-19,Feb-19,0,Individual,0,22337,1,1,0,0,36,22127,,1,2,3,1,"29,500",0.45%,0,0,0,2,3191,27197,0,0,0,162,341,4,4,1,4,,15,,0,1,2,3,4,6,6,8,2,8,0,0,0,1,100,0,0,0,71932,22337,27200,38535
3500,3500,3500, 36 months,16.14,123.3,C,C4,respritory therapist,10+ years,MORTGAGE,80000,Verified,Dec-18,Current,n,debt_consolidation,13.63,0,Dec-88,0,43,,7,0,8952,58.5,27,w,3346.52,3346.52,218.36,218.36,153.48,64.88,0,0,0,Feb-19,123.3,Mar-19,Feb-19,0,Joint App,0,16085,2,2,0,0,57,7133,26,3,4,3873,38,"15,300",58.51%,0,0,1,4,2298,4127,48.4,0,0,144,360,4,4,2,7,,7,117,7,1,3,2,3,10,5,15,3,7,0,0,0,3,76,50,0,0,42328,16085,8000,27028
7000,7000,7000, 36 months,12.98,235.8,B,B5,Worship Director,4 years,MORTGAGE,102500,Not Verified,Dec-18,Current,n,house,15.2,0,Dec-02,0,38,,9,0,1057,7.2,21,w,6678.1,6678.1,464.03,464.03,321.9,142.13,0,0,0,Feb-19,235.8,Mar-19,Feb-19,0,Individual,0,174891,1,4,1,1,10,75652,78,1,2,0,69,"14,700",7.19%,1,0,3,3,19432,7200,0,0,0,182,192,6,6,4,26,,10,,1,0,2,2,3,8,4,9,2,9,0,0,0,2,80,0,0,0,214624,76709,7200,96826
25000,25000,25000, 60 months,16.91,620.11,C,C5,Processor ,10+ years,MORTGAGE,23878,Not Verified,Dec-18,Current,n,debt_consolidation,6.26,0,Oct-10,0,,,4,0,3044,54.4,8,w,24460.59,24460.59,1204.99,1204.99,539.41,665.58,0,0,0,Feb-19,620.11,Mar-19,Feb-19,0,Joint App,0,79660,0,0,0,0,47,0,,0,0,1044,54,"5,600",54.36%,0,0,0,0,19915,0,104.4,0,0,90,98,27,27,2,84,,,,0,1,3,1,1,2,3,4,3,4,0,0,0,0,100,100,0,0,92334,3044,1000,0
16000,16000,16000, 60 months,20.89,431.87,D,D4,Neonatal Nurse Practitioner,4 years,MORTGAGE,120000,Not Verified,Dec-18,Current,n,credit_card,27.57,1,Jul-05,0,8,,13,0,18826,82.2,37,w,15690.66,15690.66,835.89,835.89,309.34,526.55,0,0,0,Feb-19,431.87,Mar-19,Feb-19,0,Individual,0,434239,1,6,1,4,4,247928,90,1,1,9439,87,"22,900",82.21%,6,1,2,5,33403,430,96.8,0,0,136,146,12,4,2,12,48,4,8,2,2,4,2,5,24,6,10,4,13,0,0,0,2,86.5,100,0,0,444217,266754,13500,239338
13000,13000,13000, 60 months,14.47,305.67,C,C2,Stationary Engineer,10+ years,MORTGAGE,75000,Not Verified,Dec-18,Current,n,debt_consolidation,26.16,0,Feb-01,1,,,9,0,15551,58.2,13,w,12700.38,12700.38,595.66,595.66,299.62,296.04,0,0,0,Feb-19,305.67,Mar-19,Feb-19,0,Individual,0,131400,0,5,1,4,10,35369,70,0,0,13287,66,"26,700",58.24%,2,0,1,4,14600,11149,58.2,0,0,159,214,81,10,1,81,,5,,0,3,3,3,3,8,3,4,3,9,0,0,0,1,100,33.3,0,0,176598,50920,26700,50898
10000,10000,10000, 36 months,13.56,339.65,C,C1,,< 1 year,MORTGAGE,65000,Not Verified,Dec-18,Current,n,credit_card,10.62,0,Dec-04,1,30,100,14,1,9765,74,28,w,9544.14,9544.14,668,668,455.86,212.14,0,0,0,Feb-19,339.65,Mar-19,Feb-19,0,Individual,6389,45972,0,5,0,0,65,36207,104,2,4,3359,96,"13,200",73.98%,1,0,2,4,3536,1777,84.5,0,0,168,142,7,7,0,7,35,5,30,2,5,6,5,7,17,9,11,6,14,0,0,0,2,77.8,80,1,0,48052,45972,11500,34852
13000,13000,13000, 36 months,14.47,447.29,C,C2,Exhibits director,10+ years,MORTGAGE,55000,Verified,Dec-18,Current,n,credit_card,10.58,0,Oct-01,0,,,7,0,13478,82.2,17,w,12415.43,12415.43,878.9,878.9,584.57,294.33,0,0,0,Feb-19,447.29,Mar-19,Feb-19,0,Individual,160,34996,0,1,0,0,25,400,40,0,2,4807,80,"16,400",82.18%,0,0,0,4,4999,3024,78.2,0,0,122,206,14,14,3,14,,14,,0,3,4,4,6,6,5,8,4,7,0,0,0,0,100,75,0,0,41150,13878,13900,1000
9600,9600,9600, 36 months,23.4,373.62,E,E1,driver coordinator ,9 years,RENT,65000,Not Verified,Dec-18,Current,n,credit_card,23.01,1,Sep-03,0,16,,12,0,10678,37.5,20,f,9223.52,9223.52,728.52,728.52,376.48,352.04,0,0,0,Feb-19,373.62,Mar-19,Feb-19,0,Individual,66,24165,0,2,0,0,43,13487,33,1,1,2264,35,"28,500",37.47%,0,0,0,1,2014,232,96.9,0,0,183,92,12,12,0,27,,15,30,0,7,9,7,8,8,10,12,9,12,0,0,0,1,90,85.7,0,0,68902,24165,7600,40402
3500,3500,3500, 36 months,20.89,131.67,D,D4,gas attendant,10+ years,MORTGAGE,40000,Source Verified,Dec-18,Current,n,car,9.09,0,Oct-04,1,24,,4,0,1944,33.5,18,w,3357.29,3357.29,257.25,257.25,142.71,114.54,0,0,0,Feb-19,131.67,Mar-19,Feb-19,0,Joint App,0,189794,1,1,1,1,7,24958,100,2,2,1317,87,"5,800",33.52%,1,0,3,3,47449,3683,26.3,0,0,150,170,1,1,4,8,48,1,48,2,1,2,1,8,3,2,11,2,4,0,0,0,3,38.9,0,0,0,217000,26902,5000,25000
16000,16000,16000, 60 months,26.31,481.99,E,E4,Financial Relationship Associate,< 1 year,RENT,33000,Source Verified,Dec-18,Current,n,credit_card,33.62,0,Sep-10,1,,,17,0,22872,65.5,22,w,15734.74,15734.74,928.9,928.9,265.26,663.64,0,0,0,Feb-19,481.99,Mar-19,Feb-19,0,Individual,0,29869,1,1,0,1,24,6997,65,1,1,2703,65,"34,900",65.54%,0,3,1,2,1757,4596,66.9,0,0,29,99,2,2,0,2,,3,,0,6,11,9,13,2,16,20,11,17,0,0,0,1,100,55.6,0,0,45709,29869,13900,10809
15000,15000,14975, 60 months,14.47,352.69,C,C2,,n/a,MORTGAGE,30000,Source Verified,Dec-18,Current,n,debt_consolidation,41.6,0,Oct-99,0,,,20,0,20049,37.2,30,f,14654.57,14630.15,687.29,686.14,345.43,341.86,0,0,0,Feb-19,352.69,Mar-19,Feb-19,0,Joint App,0,65496,1,1,0,1,16,4458,31,1,1,3616,36,"53,900",37.20%,0,2,0,2,3275,2545,74.3,0,0,149,230,6,6,1,31,,,,0,4,13,4,5,8,18,21,13,20,0,0,0,1,100,50,0,0,118790,24507,9900,14490
13000,13000,13000, 36 months,23.4,505.95,E,E1,Sale Representative,2 years,MORTGAGE,90000,Verified,Dec-18,Current,n,other,39.73,0,May-07,0,,,14,0,52013,83.1,20,w,12490.18,12490.18,986.55,986.55,509.82,476.73,0,0,0,Feb-19,505.95,Mar-19,Feb-19,0,Individual,0,87876,1,7,1,3,1,35863,48,0,1,18037,64,"62,600",83.09%,2,0,1,4,6277,9503,83.8,0,0,131,139,16,1,0,16,,10,,0,6,7,6,7,11,7,9,7,14,0,0,0,1,100,66.7,0,0,137276,87876,58600,74676
23000,23000,23000, 60 months,20.89,620.81,D,D4,Operator,5 years,RENT,68107,Source Verified,Dec-18,Current,n,debt_consolidation,0.52,0,Feb-97,0,,,5,0,976,13,10,w,22158.77,22158.77,1201.58,1201.58,841.23,360.35,0,0,0,Feb-19,1241.62,Mar-19,Feb-19,1,Individual,2693,976,0,0,0,0,36,0,,3,4,0,13,"7,500",13.01%,2,2,4,4,195,3300,0,0,0,237,262,10,10,0,10,,9,,0,0,1,3,4,3,5,7,1,5,0,0,0,3,100,0,0,0,7500,976,3300,0
8000,8000,8000, 36 months,23.4,311.35,E,E1,Manager,10+ years,OWN,43000,Source Verified,Dec-18,Current,n,debt_consolidation,33.24,0,Jan-95,0,,107,8,1,9019,81.3,16,w,7686.27,7686.27,607.1,607.1,313.73,293.37,0,0,0,Feb-19,311.35,Mar-19,Feb-19,0,Individual,0,169223,0,3,2,2,7,22059,69,0,0,2174,72,"11,100",81.25%,1,1,1,2,21153,126,94.5,0,0,148,287,44,7,1,51,,7,,0,1,4,1,2,8,4,7,4,8,0,0,0,2,100,100,1,0,199744,31078,2300,32206
32075,32075,32075, 60 months,11.8,710.26,B,B4,Nursing Supervisor,10+ years,MORTGAGE,150000,Not Verified,Dec-18,Current,n,credit_card,22.21,0,Aug-05,0,,,17,0,19077,32,24,w,31281.41,31281.41,1388.98,1388.98,793.59,595.39,0,0,0,Feb-19,710.26,Mar-19,Feb-19,0,Individual,0,272667,1,4,1,1,9,37558,47,1,1,3910,41,"59,600",32.01%,1,2,0,3,16039,10446,47.8,0,0,160,70,4,4,2,27,,14,,0,4,10,4,4,8,12,14,10,17,0,0,0,2,100,50,0,0,360433,56635,20000,80125
12000,12000,12000, 60 months,13.56,276.49,C,C1,,< 1 year,MORTGAGE,40000,Not Verified,Dec-18,Current,n,debt_consolidation,19.23,0,Aug-05,2,,,8,0,23195,55.5,9,w,11716.63,11716.63,539.42,539.42,283.37,256.05,0,0,0,Feb-19,276.49,Mar-19,Feb-19,0,Individual,0,32462,1,1,1,1,4,9267,103,2,2,9747,64,"41,800",55.49%,1,0,3,3,4058,16601,54.9,0,0,4,149,9,4,1,10,,4,,0,5,6,5,5,1,7,7,6,8,0,0,0,3,100,60,0,0,50800,32462,36800,9000
10000,10000,10000, 60 months,19.92,264.5,D,D3,Material Handler,10+ years,MORTGAGE,80000,Not Verified,Dec-18,Current,n,debt_consolidation,20.67,0,Apr-05,0,37,,11,0,13198,73.7,19,w,9801.36,9801.36,512.4,512.4,198.64,313.76,0,0,0,Feb-19,264.5,Mar-19,Feb-19,0,Individual,116,110120,0,2,0,1,15,24408,70,1,1,6521,72,"17,900",73.73%,0,0,1,2,10011,779,90.3,0,0,148,164,11,11,1,149,37,11,37,0,2,8,2,4,6,8,12,8,11,0,0,0,1,84.2,50,0,0,170230,37606,8000,55030
16000,16000,16000, 60 months,17.97,406.04,D,D1,Instructional Coordinator,5 years,MORTGAGE,51000,Not Verified,Dec-18,Current,n,debt_consolidation,21.91,0,Oct-05,1,52,,11,0,7326,24.8,27,w,15664.63,15664.63,788.12,788.12,335.37,452.75,0,0,0,Feb-19,406.04,Mar-19,Feb-19,0,Individual,0,39339,3,8,2,2,2,32013,83,1,1,3881,58,"29,500",24.83%,0,0,1,3,3576,22174,24.8,0,0,123,158,6,2,0,6,52,4,52,6,2,2,3,6,21,3,6,2,11,0,0,0,3,77.8,0,0,0,67924,39339,29500,38424
3300,3300,3300, 36 months,23.4,128.44,E,E1,Program Manager,3 years,RENT,49700,Source Verified,Dec-18,Current,n,vacation,14.32,0,Nov-06,1,43,,6,0,2358,26.5,46,w,3170.57,3170.57,250.44,250.44,129.43,121.01,0,0,0,Feb-19,128.44,Mar-19,Feb-19,0,Individual,0,166884,2,2,0,2,18,164526,75,2,2,2091,51,"8,900",26.49%,0,0,1,4,27814,491,82.5,0,0,145,79,1,1,0,59,43,1,43,3,2,3,2,3,39,4,7,3,6,0,0,0,2,90.9,50,0,0,170985,166884,2800,162085
20000,20000,20000, 60 months,11.8,442.88,B,B4,,n/a,MORTGAGE,47590,Verified,Dec-18,Current,n,credit_card,9.53,0,Sep-99,0,62,,7,0,14134,84.1,13,w,19505.15,19505.15,866.09,866.09,494.85,371.24,0,0,0,Feb-19,442.88,Mar-19,Feb-19,0,Joint App,0,92620,1,0,0,0,206,0,,2,3,7853,84,"16,800",84.13%,0,0,0,3,13231,666,95.5,0,0,231,54,6,6,1,6,,,,0,5,5,5,5,6,6,6,5,7,0,0,0,2,76.9,100,0,0,126400,14134,14800,0
3500,3500,3500, 36 months,20.89,131.67,D,D4,Budget & Procurement Specialist,10+ years,RENT,33190,Source Verified,Dec-18,Current,n,credit_card,19.71,0,Sep-06,0,36,,8,0,5072,69.5,13,w,3357.29,3357.29,257.25,257.25,142.71,114.54,0,0,0,Feb-19,131.67,Mar-19,Feb-19,0,Individual,0,9812,0,1,0,1,17,4740,68,0,0,1140,69,"7,300",69.48%,1,2,0,1,1227,1867,54.5,0,0,147,138,39,17,0,39,,17,36,0,4,7,4,6,4,7,9,7,8,0,0,0,0,92.3,75,0,0,14300,9812,4100,7000
12000,12000,12000, 36 months,26.31,485.48,E,E4,,5 years,OWN,19000,Not Verified,Dec-18,Current,n,credit_card,35.88,0,Aug-96,0,,,7,0,13467,70.5,11,w,11550.36,11550.36,944.65,944.65,449.64,495.01,0,0,0,Feb-19,485.48,Mar-19,Feb-19,0,Individual,0,15094,0,1,0,0,28,1627,32,0,1,8041,62,"19,100",70.51%,0,0,5,1,2516,709,93.4,0,0,126,268,24,24,0,140,,0,,0,2,5,2,2,2,6,9,5,7,0,0,0,0,100,100,0,0,24200,15094,10700,5100
10000,10000,10000, 36 months,20.89,376.19,D,D4,Foreman shop ,7 years,RENT,74000,Not Verified,Dec-18,Current,n,credit_card,11.21,0,May-15,1,,,10,0,10669,41.5,12,w,9082.09,9082.09,1234.97,1234.97,917.91,317.06,0,0,0,Feb-19,376.19,Mar-19,Feb-19,0,Individual,0,13787,4,2,2,2,4,3118,68,5,6,3419,46,"25,700",41.51%,0,0,1,8,1379,8880,54.5,0,0,4,43,3,3,0,7,,4,,0,5,6,5,6,2,8,10,6,10,0,0,0,7,100,40,0,0,30272,13787,19500,4572
6000,6000,5975, 36 months,6.46,183.79,A,A1,Substance Abuse Counselor,1 year,MORTGAGE,40000,Source Verified,Dec-18,Current,n,credit_card,12.87,0,Nov-99,1,,,9,0,7313,29.8,15,f,5848.5,5824.13,185.95,185.18,151.5,34.45,0,0,0,Feb-19,189.18,Mar-19,Feb-19,0,Individual,0,66069,1,2,1,2,11,12605,90,1,1,3179,52,"24,500",29.85%,1,0,3,3,7341,15085,26.8,0,0,20,229,3,3,2,29,,3,,0,2,3,4,6,2,6,11,3,9,0,0,0,2,100,25,0,0,88400,19918,20600,14025
25000,25000,25000, 60 months,27.27,767.43,E,E5,Business Intelligence Engineer,5 years,MORTGAGE,171000,Not Verified,Dec-18,Current,n,credit_card,14.66,1,Dec-98,1,10,,14,0,19599,75.4,50,w,24800.69,24800.69,748.5,748.5,199.31,549.19,0,0,0,Feb-19,805.31,Mar-19,Jan-19,0,Joint App,0,588038,2,5,2,5,5,122761,85,1,4,12247,82,"26,000",75.38%,1,8,4,10,45234,1753,87.5,0,0,139,148,12,5,5,24,,3,10,0,1,2,2,6,28,7,15,2,14,0,0,0,3,95.7,50,0,0,618336,142360,14000,137816
20000,20000,20000, 36 months,12.98,673.69,B,B5,FC,5 years,RENT,74800,Not Verified,Dec-18,Current,n,debt_consolidation,23.5,0,Aug-89,0,,,10,0,30052,88.4,18,w,19080.34,19080.34,1325.75,1325.75,919.66,406.09,0,0,0,Feb-19,673.69,Mar-19,Feb-19,0,Individual,0,39977,0,2,0,2,15,9925,55,0,1,13324,77,"34,000",88.39%,1,1,0,3,4442,748,97.4,0,0,303,247,16,15,0,16,,13,,0,4,6,4,6,6,8,10,6,10,0,0,0,0,100,100,0,0,52000,39977,28700,18000
2200,2200,2200, 36 months,15.02,76.29,C,C3,,n/a,RENT,70000,Not Verified,Dec-18,Current,n,debt_consolidation,14.16,1,Feb-06,0,7,,7,0,1012,77.8,12,w,2101.88,2101.88,149.83,149.83,98.12,51.71,0,0,0,Feb-19,76.29,Mar-19,Feb-19,0,Individual,0,174948,0,4,1,3,8,16302,56,0,1,632,57,"1,300",77.85%,2,0,1,4,24993,288,77.8,0,0,123,133,24,8,1,24,,8,,1,2,2,2,2,8,2,3,2,7,0,0,0,1,83.3,100,0,0,228937,17314,1300,29137
25000,25000,25000, 60 months,17.97,634.43,D,D1,Information technology ,7 years,RENT,53000,Verified,Dec-18,Current,n,debt_consolidation,12.64,0,Apr-12,0,,,3,0,26258,83.4,10,w,24476,24476,1231.42,1231.42,524,707.42,0,0,0,Feb-19,634.43,Mar-19,Feb-19,0,Individual,0,26258,0,0,1,1,11,0,,0,0,0,83,"31,500",83.36%,0,6,0,1,8753,,,0,0,80,79,55,11,0,,,,,0,0,3,0,0,6,3,4,3,3,0,0,0,1,100,,0,0,31500,26258,0,0
4000,4000,4000, 36 months,11.8,132.48,B,B4,,n/a,RENT,20000,Not Verified,Dec-18,Current,n,debt_consolidation,12.24,0,Sep-12,0,,,19,0,1045,3.9,28,w,3812.79,3812.79,261.03,261.03,187.21,73.82,0,0,0,Feb-19,132.48,Mar-19,Feb-19,0,Individual,500,4255,1,1,1,1,10,3210,80,4,8,646,14,"26,900",3.88%,1,0,2,9,224,13204,7,0,0,75,56,4,4,0,8,,10,,0,3,4,7,10,2,18,26,4,19,0,0,0,5,100,0,0,0,30900,4255,14200,4000
1250,1250,1250, 36 months,23.4,48.65,E,E1,BANKER,10+ years,RENT,52000,Source Verified,Dec-18,Current,n,other,9.9,0,Jan-11,2,,,7,0,8050,28.9,10,w,1201.07,1201.07,94.86,94.86,48.93,45.93,0,0,0,Feb-19,48.65,Mar-19,Dec-18,0,Individual,0,8050,1,0,0,0,53,0,,1,2,4356,29,"27,900",28.85%,1,0,2,2,1150,6483,54.3,0,0,53,95,2,2,0,2,,1,,0,4,7,4,6,1,7,9,7,7,0,0,0,1,100,0,0,0,27900,8050,14200,0
10400,10400,10400, 36 months,12.98,350.32,B,B5,Program Support Assistant ,10+ years,MORTGAGE,56099,Source Verified,Dec-18,Current,n,credit_card,20.92,0,Jul-13,2,32,67,8,1,1669,9.8,10,w,9921.77,9921.77,689.39,689.39,478.23,211.16,0,0,0,Feb-19,350.32,Mar-19,Feb-19,0,Individual,0,39564,4,2,1,2,1,37895,92,3,6,725,36,"17,000",9.82%,1,0,4,8,4946,15331,9.8,0,0,65,57,1,1,0,1,,0,32,0,3,3,6,6,3,6,7,3,8,0,0,0,4,90,0,1,0,60709,39564,17000,43709
7500,7500,7475, 36 months,11.8,248.4,B,B4,,n/a,MORTGAGE,32700,Not Verified,Dec-18,Current,n,debt_consolidation,28.26,0,Jul-05,0,,,8,0,7144,44.1,10,f,7148.98,7125.15,489.42,487.79,351.02,138.4,0,0,0,Feb-19,248.4,Mar-19,Feb-19,0,Individual,0,113541,1,3,1,1,6,27695,59,0,0,3157,55,"16,200",44.10%,1,0,2,1,14193,5056,58.6,0,0,161,146,29,6,2,29,,6,,0,3,3,3,3,4,4,4,3,8,0,0,0,1,100,66.7,0,0,160477,34839,12200,46648
7000,7000,6975, 36 months,10.72,228.25,B,B2,Business Analyst,< 1 year,MORTGAGE,97000,Source Verified,Dec-18,Current,n,other,33.17,0,Sep-11,1,,,18,0,1988,7.5,30,f,4838.45,4821.17,2238.38,2230.39,2161.55,76.83,0,0,0,Feb-19,244.63,Mar-19,Feb-19,0,Individual,0,589583,2,14,3,6,1,113133,59,0,1,1988,49,"26,600",7.47%,5,0,4,8,32755,19612,9.2,0,0,87,66,23,1,1,42,,1,,0,1,1,2,4,20,3,8,1,18,0,0,0,3,100,0,0,0,677593,115121,21600,160050
25000,25000,25000, 36 months,12.98,842.11,B,B5,,n/a,OWN,30000,Not Verified,Dec-18,Current,n,debt_consolidation,24.88,0,Aug-99,0,,,5,0,14231,23.8,12,w,23850.43,23850.43,1657.18,1657.18,1149.57,507.61,0,0,0,Feb-19,842.11,Mar-19,Feb-19,0,Individual,0,18729,0,1,0,2,17,4498,38,0,0,12843,26,"59,800",23.80%,2,1,0,2,3746,45569,23.8,0,0,174,232,87,17,0,87,,17,,0,3,3,4,5,6,4,6,3,5,0,0,0,0,100,25,0,0,71800,18729,59800,12000
8000,8000,8000, 36 months,11.8,264.96,B,B4,Program Manager,7 years,MORTGAGE,85000,Not Verified,Dec-18,Current,n,credit_card,23.61,0,Dec-91,1,,,11,0,29038,47.2,29,w,7625.58,7625.58,522.05,522.05,374.42,147.63,0,0,0,Feb-19,264.96,Mar-19,Feb-19,0,Individual,0,103435,0,3,0,1,22,74397,35,1,3,10929,44,"61,500",47.22%,1,0,1,4,10344,19302,57.8,0,0,123,324,9,9,0,9,,4,,0,5,7,5,8,18,8,11,7,11,0,0,0,1,100,60,0,0,151710,103435,45700,90210
9000,9000,9000, 36 months,10.33,291.81,B,B1,Millwright,4 years,MORTGAGE,75000,Not Verified,Dec-18,Current,n,credit_card,13.14,0,Nov-07,2,57,,7,0,7871,31.1,15,w,8569.48,8569.48,575.87,575.87,430.52,145.35,0,0,0,Feb-19,291.81,Mar-19,Feb-19,0,Individual,0,97100,2,1,2,2,1,38553,,2,2,2958,31,"25,300",31.11%,2,2,4,4,13871,15929,33.1,0,0,133,121,10,1,1,10,,2,74,0,4,4,4,4,8,5,6,4,7,0,0,0,4,86.7,0,0,0,119853,46424,23800,38553
9600,9600,9600, 36 months,15.02,332.89,C,C3,Fuel truck driver,10+ years,OWN,60000,Not Verified,Dec-18,Current,n,debt_consolidation,32.64,1,Oct-07,1,17,,14,0,16424,73,32,w,9171.88,9171.88,653.76,653.76,428.12,225.64,0,0,0,Feb-19,332.89,Mar-19,Feb-19,0,Individual,0,65733,1,3,2,3,7,49309,88,4,4,8398,84,"22,500",73.00%,7,0,10,7,4695,3319,81.4,0,0,134,115,2,2,0,2,57,2,17,4,6,9,6,9,13,11,19,9,14,0,0,0,6,84.4,66.7,0,0,78661,65733,17800,56161
8000,8000,8000, 36 months,10.72,260.86,B,B2,Publications and Images Project Manager,10+ years,MORTGAGE,82923,Source Verified,Dec-18,Current,n,car,18.55,0,Jul-86,0,56,,11,0,16255,50.3,25,w,7619.52,7619.52,514.57,514.57,380.48,134.09,0,0,0,Feb-19,260.86,Mar-19,Feb-19,0,Individual,0,341504,1,3,0,2,15,55968,95,0,0,13624,79,"32,300",50.33%,0,1,4,3,34150,8676,61.1,0,0,143,141,25,3,2,37,71,0,71,4,1,4,2,3,12,6,10,4,11,0,0,0,1,80,50,0,0,360944,72223,22300,59007
12000,12000,12000, 36 months,16.14,422.72,C,C4,Trainer,6 years,RENT,24000,Source Verified,Dec-18,Current,n,credit_card,23.55,0,Nov-14,0,,,8,0,7188,50.3,12,w,11474.78,11474.78,829.3,829.3,525.22,304.08,0,0,0,Feb-19,422.72,Mar-19,Feb-19,0,Individual,0,16264,1,2,1,3,10,9076,76,2,2,1839,62,"14,300",50.27%,1,3,1,5,2033,361,91,0,0,42,49,3,3,0,3,,11,,0,2,6,2,2,4,6,8,6,8,0,0,0,3,100,100,0,0,26248,16264,4000,11948
20000,20000,20000, 36 months,13.56,679.29,C,C1,Armed Security officer,9 years,MORTGAGE,40000,Verified,Dec-18,Current,n,debt_consolidation,31.02,7,Apr-95,0,4,,16,0,17101,48,27,w,19088.3,19088.3,1335.98,1335.98,911.7,424.28,0,0,0,Feb-19,679.29,Mar-19,Dec-18,0,Individual,0,30051,0,2,0,1,21,12950,47,0,0,12330,48,"35,900",47.64%,0,0,1,1,1878,4520,71,0,0,56,284,59,21,1,60,9,9,4,0,5,14,3,7,2,14,25,8,16,,0,0,0,67,40,0,0,63645,30051,22600,27745
40000,40000,40000, 60 months,14.47,940.51,C,C2,,< 1 year,MORTGAGE,500000,Source Verified,Dec-18,Current,n,debt_consolidation,13.47,0,Jul-92,1,,,14,0,306893,84.1,27,w,39078.12,39078.12,1832.79,1832.79,921.88,910.91,0,0,0,Feb-19,940.51,Mar-19,Jan-19,0,Individual,0,813860,2,5,2,3,2,147101,51,0,0,39889,69,"349,200",87.88%,5,0,6,3,58133,8890,83.9,0,0,174,317,39,2,3,39,,3,,0,4,7,4,8,10,7,14,7,14,0,0,0,2,100,100,0,0,1197171,453994,89200,184971
14400,14400,14400, 60 months,14.47,338.59,C,C2,Director,3 years,RENT,110000,Not Verified,Dec-18,Current,n,debt_consolidation,10.83,1,Aug-06,1,21,106,5,1,20451,65.3,10,w,14068.11,14068.11,659.82,659.82,331.89,327.93,0,0,0,Feb-19,338.59,Mar-19,Feb-19,0,Individual,0,35067,1,1,1,1,3,14616,97,0,0,10885,76,"31,300",65.34%,0,3,1,1,7013,9460,55.6,0,0,59,148,60,3,1,77,,4,,1,2,3,3,3,3,4,6,3,5,0,0,1,1,90,33.3,1,0,46300,35067,21300,15000
22400,22400,22400, 36 months,8.81,710.34,A,A5,Manager,2 years,MORTGAGE,30000,Source Verified,Dec-18,Current,n,debt_consolidation,43.32,0,Oct-88,0,,,9,0,13929,41.7,17,w,21304.22,21304.22,1404.23,1404.23,1095.78,308.45,0,0,0,Feb-19,710.34,Mar-19,Feb-19,0,Joint App,0,210356,0,2,0,1,20,7476,39,1,2,5361,41,"33,400",41.70%,0,0,1,3,23373,8986,55.1,0,0,151,362,11,11,2,11,,11,,0,3,5,3,3,4,6,11,5,9,0,0,0,1,100,0,0,0,260635,21405,20000,19174
25000,25000,25000, 36 months,10.33,810.56,B,B1,Agent,2 years,OWN,78000,Not Verified,Dec-18,Current,n,debt_consolidation,25.67,0,Feb-05,0,,,15,0,23635,49,24,w,23804.17,23804.17,1599.6,1599.6,1195.83,403.77,0,0,0,Feb-19,810.56,Mar-19,Feb-19,0,Individual,0,41676,0,2,0,2,17,18041,72,0,1,6443,57,"48,200",49.04%,1,1,0,3,2778,8447,68.1,0,0,142,166,13,13,1,29,,13,,0,6,12,7,8,7,13,16,12,15,0,0,0,0,100,28.6,0,0,73350,41676,26500,25150
26000,26000,26000, 60 months,18.94,673.6,D,D2,Mortgage loan processor,10+ years,MORTGAGE,40000,Source Verified,Dec-18,Current,n,debt_consolidation,20.61,0,Aug-02,0,41,,3,0,1372,17.8,22,w,25469.38,25469.38,1306.16,1306.16,530.62,775.54,0,0,0,Feb-19,673.6,Mar-19,Feb-19,0,Individual,258,68591,0,1,1,2,9,21766,87,0,0,1372,71,"7,700",17.82%,1,0,0,2,22864,6328,17.8,0,0,61,189,56,9,1,56,41,17,41,0,1,1,1,12,7,1,14,1,3,0,0,0,1,90.9,0,0,0,105000,23138,7700,25000
25000,25000,25000, 60 months,15.02,595.02,C,C3,CFO ,10+ years,MORTGAGE,63500,Verified,Dec-18,Current,n,debt_consolidation,27.52,0,Oct-03,0,,60,7,1,7742,41,23,w,24432.26,24432.26,1158.75,1158.75,567.74,591.01,0,0,0,Feb-19,595.02,Mar-19,Feb-19,0,Joint App,0,85514,1,2,3,4,3,77772,93,1,3,3215,71,"18,900",40.96%,0,0,4,7,12216,9185,25.9,0,0,141,182,7,3,1,33,,11,,0,1,4,2,4,13,5,9,4,7,0,0,0,4,100,0,1,0,100078,85514,12400,81178
1000,1000,1000, 36 months,30.75,42.87,F,F5,,n/a,MORTGAGE,50000,Verified,Dec-18,Current,n,other,19.9,0,Apr-04,0,,,5,0,9833,99.3,12,w,965.07,965.07,83.18,83.18,34.93,48.25,0,0,0,Feb-19,42.87,Mar-19,Feb-19,0,Individual,0,184668,1,2,1,1,6,18397,65,1,1,4959,74,"9,900",99.32%,3,1,7,3,36934,67,99.3,0,0,140,173,9,6,3,9,,6,,0,2,2,2,4,4,2,5,2,5,0,0,0,2,100,100,0,0,199227,28230,9900,28489
2000,2000,2000, 36 months,8.19,62.85,A,A4,Laborer,4 years,MORTGAGE,100000,Not Verified,Dec-18,Current,n,credit_card,16.42,0,Aug-05,0,,,13,0,14865,46.9,23,w,1901.26,1901.26,124.34,124.34,98.74,25.6,0,0,0,Feb-19,62.85,Mar-19,Feb-19,0,Individual,0,192652,1,3,0,3,13,38838,70,2,5,4207,62,"31,700",46.89%,1,1,0,9,14819,9915,53.7,0,0,148,160,4,4,3,10,,17,,0,5,8,5,5,9,9,11,8,13,0,0,0,2,100,0,0,0,232306,53703,21400,55275
9000,9000,8975, 36 months,6.46,275.68,A,A1,Driver,10+ years,MORTGAGE,35000,Source Verified,Dec-18,Current,n,debt_consolidation,32.65,0,Apr-12,0,,,13,0,6385,15.6,15,f,8544.32,8520.58,546.52,545,455.68,90.84,0,0,0,Feb-19,275.68,Mar-19,Feb-19,0,Individual,0,53018,1,3,0,1,18,17874,43,2,4,1736,30,"40,800",15.65%,1,0,0,5,4078,27515,17.9,0,0,54,80,2,2,1,8,,18,,0,5,6,6,6,4,9,9,6,13,0,0,0,2,100,0,0,0,122237,24259,33500,41362
20000,20000,20000, 36 months,13.56,679.29,C,C1,Lead Transportation Security Officer,10+ years,MORTGAGE,98500,Source Verified,Dec-18,Current,n,debt_consolidation,9.06,0,Jun-07,1,,92,11,1,9382,19.3,12,w,19088.3,19088.3,1335.98,1335.98,911.7,424.28,0,0,0,Feb-19,679.29,Mar-19,Feb-19,0,Individual,0,22934,3,1,1,1,3,13552,97,2,5,4493,37,"48,700",19.26%,1,0,2,6,2085,30833,20.7,0,0,3,138,3,3,0,3,,3,,0,3,5,7,7,1,10,11,5,11,0,0,0,3,100,14.3,1,0,62740,22934,38900,14040
29450,29450,29450, 36 months,8.19,925.44,A,A4,General Manager,10+ years,MORTGAGE,161000,Source Verified,Dec-18,Current,n,debt_consolidation,10.99,0,Aug-90,0,42,,6,0,19313,70,18,w,27996.17,27996.17,1830.78,1830.78,1453.83,376.95,0,0,0,Feb-19,925.44,Mar-19,Feb-19,0,Individual,176,370187,0,2,0,2,13,24407,66,0,0,16771,68,"27,600",69.97%,3,0,0,2,61698,2287,89.4,0,0,129,340,96,13,4,118,42,13,42,0,2,2,2,3,8,3,6,2,6,0,0,0,0,94.4,50,0,0,436091,43720,21600,36789
34625,34625,34625, 60 months,16.14,844.6,C,C4,Vice President,10+ years,MORTGAGE,137500,Source Verified,Dec-18,Current,n,debt_consolidation,27.88,0,Dec-90,1,,,19,0,60229,61.5,31,w,34246.1,34246.1,813.56,813.56,378.9,434.66,0,0,0,Feb-19,860.13,Mar-19,Feb-19,0,Individual,0,333362,2,7,2,4,4,94118,78,0,0,23788,70,"98,000",61.46%,1,1,1,4,17545,22258,69.9,0,0,153,336,41,4,3,62,,6,,0,6,9,6,8,13,11,15,9,19,0,0,0,2,100,66.7,0,0,445453,154347,73900,137413
31450,31450,31450, 36 months,7.56,979.16,A,A3,Construction Manager,7 years,MORTGAGE,130000,Verified,Dec-18,Current,n,debt_consolidation,9.29,0,Jul-97,0,,,11,0,65911,63.1,17,w,29883.02,29883.02,1885.68,1885.68,1566.98,318.7,0,0,0,Feb-19,979.16,Mar-19,Feb-19,0,Joint App,0,422806,0,0,0,0,75,0,,0,0,18962,63,"104,400",63.13%,0,2,1,0,42281,29007,53.5,0,0,89,257,28,28,3,28,,11,,0,4,6,6,6,2,10,12,6,11,0,0,0,0,100,33.3,0,0,519900,65911,62400,0
15500,15500,15500, 36 months,10.72,505.4,B,B2,Administrative Assistant ,10+ years,RENT,52000,Not Verified,Dec-18,Current,n,credit_card,16.66,0,Oct-07,0,,,13,0,13496,33.9,16,w,14762.86,14762.86,996.95,996.95,737.14,259.81,0,0,0,Feb-19,505.4,Mar-19,Feb-19,1,Individual,349,19386,1,1,0,1,15,5890,59,3,4,6061,39,"39,800",33.91%,0,2,1,5,1491,14251,47.4,0,0,60,134,6,6,0,6,,11,,0,6,8,7,9,2,12,14,8,13,0,0,0,3,100,0,0,0,49742,19386,27100,9942
12000,12000,12000, 36 months,11.8,397.43,B,B4,Transportation Manager,10+ years,RENT,79365,Source Verified,Dec-18,Current,n,debt_consolidation,29.7,0,Sep-88,2,25,,20,0,4957,27.8,32,w,11438.39,11438.39,783.06,783.06,561.61,221.45,0,0,0,Feb-19,397.43,Mar-19,Feb-19,0,Individual,0,80734,6,8,4,6,2,75777,89,3,4,1070,78,"17,800",27.85%,2,0,4,10,4037,3973,40.7,0,0,107,363,1,1,0,24,,1,26,1,4,11,5,5,11,12,20,11,20,0,0,0,7,81.3,0,0,0,103047,80734,6700,85247
36000,36000,36000, 60 months,17.97,913.58,D,D1,Pharmacist,9 years,RENT,160000,Source Verified,Dec-18,Current,n,debt_consolidation,33.17,0,Sep-08,1,,,24,0,31228,40.7,30,w,35245.43,35245.43,1773.25,1773.25,754.57,1018.68,0,0,0,Feb-19,913.58,Mar-19,Feb-19,0,Individual,0,138100,2,14,2,3,6,105959,61,2,3,10979,54,"76,800",40.66%,2,0,3,6,5754,45572,40.7,0,0,123,74,3,3,0,3,,1,,0,7,7,9,9,18,9,11,7,24,0,0,0,4,100,22.2,0,0,259812,138100,76800,181515
30000,30000,30000, 36 months,16.14,1056.79,C,C4,Structural Engineer,7 years,MORTGAGE,116000,Source Verified,Dec-18,Current,n,debt_consolidation,28.21,1,Feb-99,1,9,,11,0,32317,84.4,38,w,28684.63,28684.63,2073.23,2073.23,1315.37,757.86,0,0,0,Feb-19,1056.79,Mar-19,Feb-19,0,Individual,0,402141,0,3,1,1,8,130534,60,0,1,7448,70,"38,300",84.38%,1,6,2,4,36558,5606,80.2,0,0,185,238,13,8,3,13,,0,,0,4,5,5,12,20,6,14,5,11,0,0,0,3,97.4,80,0,0,426202,199424,28300,145284
3000,3000,3000, 36 months,17.97,108.42,D,D1,IT Assistant,10+ years,RENT,50000,Source Verified,Dec-18,Current,n,debt_consolidation,30.03,0,Apr-07,2,,62,23,1,8271,27.2,56,w,2872.06,2872.06,212.35,212.35,127.94,84.41,0,0,0,Feb-19,108.42,Mar-19,Feb-19,0,Individual,0,31910,1,4,1,2,0,23639,63,0,5,4406,46,"30,400",27.21%,1,2,2,7,1450,13459,32.7,0,0,116,136,17,0,0,20,,0,,0,5,7,10,24,9,18,46,7,22,0,0,0,1,100,30,1,0,69552,31910,20000,37734
35000,35000,35000, 36 months,12.98,1178.96,B,B5,Anti Money Laundering Compliance Manager,2 years,RENT,112000,Source Verified,Dec-18,Current,n,debt_consolidation,15.55,0,Aug-04,1,,,10,0,57501,87.9,18,w,33390.59,33390.59,2320.06,2320.06,1609.41,710.65,0,0,0,Feb-19,1178.96,Mar-19,Feb-19,0,Individual,0,63497,1,1,0,1,19,5996,55,1,1,14302,83,"65,400",87.92%,0,0,1,2,7055,5737,89.9,0,0,19,172,4,4,0,66,,4,,0,6,8,7,13,1,9,17,8,10,0,0,0,1,100,100,0,0,76400,63497,56800,11000
26500,26500,26500, 60 months,11.31,580.28,B,B3,Compliance Director,10+ years,MORTGAGE,134000,Source Verified,Dec-18,Current,n,credit_card,18.91,0,Dec-06,2,,,17,0,43640,65.4,37,w,25835.85,25835.85,1135.58,1135.58,664.15,471.43,0,0,0,Feb-19,580.28,Mar-19,Feb-19,0,Individual,0,381100,3,3,2,2,4,64335,46,1,3,10115,58,"66,700",65.43%,2,1,7,6,22418,14577,70.4,0,0,114,144,3,3,4,22,,2,,0,8,10,9,10,7,13,26,10,17,0,0,0,4,100,66.7,0,0,430403,107975,49300,88875
4000,4000,4000, 36 months,23.4,155.68,E,E1,Security,3 years,RENT,90000,Source Verified,Dec-18,Current,n,debt_consolidation,26.33,0,Sep-06,4,59,,15,0,5199,19.2,20,w,3843.13,3843.13,303.56,303.56,156.87,146.69,0,0,0,Feb-19,155.68,Mar-19,Feb-19,0,Individual,0,66926,5,4,3,4,5,61727,86,6,11,1353,68,"27,100",19.18%,4,0,4,15,4462,20174,7.9,0,0,147,118,2,2,0,2,,0,,0,5,7,9,9,8,11,12,7,15,0,0,0,9,95,0,0,0,98655,66926,21900,71555
12000,12000,12000, 60 months,22.35,333.82,D,D5,Header operator ,< 1 year,OWN,65000,Source Verified,Dec-18,Current,n,credit_card,13.05,1,Mar-07,0,7,,10,0,9238,41.6,12,w,11777.31,11777.31,645.29,645.29,222.69,422.6,0,0,0,Feb-19,333.82,Mar-19,Feb-19,0,Individual,0,15481,3,2,1,1,6,6243,57,2,3,2055,47,"22,200",41.61%,0,2,1,4,1548,6491,36.4,0,0,141,75,4,4,0,4,,7,7,0,3,6,3,3,3,8,9,6,10,0,0,0,3,91.7,33.3,0,0,33200,15481,10200,11000
3000,3000,3000, 36 months,15.02,104.03,C,C3,Banker ,4 years,MORTGAGE,60000,Source Verified,Dec-18,Current,n,home_improvement,21.36,0,Oct-06,0,,,13,0,11026,49.7,20,w,2866.21,2866.21,204.3,204.3,133.79,70.51,0,0,0,Feb-19,104.03,Mar-19,Feb-19,0,Individual,0,376508,1,4,2,3,2,49048,97,1,1,3407,83,"22,200",49.67%,0,3,0,5,28962,5402,53,0,0,146,140,9,2,2,28,,,,0,4,7,4,6,7,8,11,7,13,0,0,0,3,95,25,0,0,400137,60074,11500,50524
8000,8000,8000, 36 months,14.47,275.26,C,C2,Warehouse Associates,4 years,RENT,42300,Not Verified,Dec-18,Current,n,credit_card,19.49,0,Jul-14,1,,,11,0,8284,21,14,w,7640.26,7640.26,540.87,540.87,359.74,181.13,0,0,0,Feb-19,275.26,Mar-19,Feb-19,0,Individual,0,21732,1,3,1,3,9,13448,64,3,5,4036,36,"39,400",21.03%,4,1,7,8,1976,23710,25.4,0,0,28,53,2,2,0,7,,0,,0,3,4,5,6,4,8,10,4,11,0,0,0,4,100,0,0,0,60362,21732,31800,20962
10250,10250,10250, 36 months,10.72,334.22,B,B2,Teacher,10+ years,MORTGAGE,96000,Not Verified,Dec-18,Current,n,debt_consolidation,8.31,0,May-05,0,45,,11,0,153,4.1,24,w,9762.53,9762.53,659.28,659.28,487.47,171.81,0,0,0,Feb-19,334.22,Mar-19,Feb-19,0,Individual,0,561293,1,8,1,6,5,196555,91,0,0,0,87,"3,700",4.14%,2,0,1,6,51027,700,0,0,0,157,145,34,5,1,135,,0,,2,0,1,1,4,13,2,10,1,11,0,0,0,1,87.5,0,0,0,506359,196708,700,172659
22400,22400,22400, 60 months,16.14,546.4,C,C4,Paramedic/ Fire Fighter,10+ years,OWN,56000,Source Verified,Dec-18,Current,n,credit_card,18.47,0,Dec-04,0,75,,15,0,13555,38.2,22,w,21906.46,21906.46,1062.67,1062.67,493.54,569.13,0,0,0,Feb-19,546.4,Mar-19,Feb-19,0,Individual,0,217072,0,3,1,1,7,18515,79,1,1,5789,55,"35,500",38.18%,1,0,4,2,14471,15054,46.6,0,0,113,168,7,7,5,36,,5,,0,5,7,8,8,5,11,12,7,15,0,0,0,2,95.5,25,0,0,253539,32070,28200,23364
27000,27000,27000, 60 months,15.02,642.62,C,C3,Supervisor ,10+ years,MORTGAGE,45000,Source Verified,Dec-18,Current,n,debt_consolidation,23.55,2,Oct-06,0,12,,11,0,12903,64.8,24,w,26387.86,26387.86,1251.44,1251.44,612.14,639.3,0,0,0,Feb-19,642.62,Mar-19,Feb-19,0,Individual,0,21902,0,1,0,0,42,8999,42,0,1,5787,53,"19,900",64.84%,0,1,0,1,1991,3225,78.1,0,0,144,146,17,17,1,17,33,,12,0,6,8,7,13,5,10,18,8,11,0,0,0,0,87.5,57.1,0,0,41500,21902,14700,21600
24000,24000,24000, 36 months,19.92,890.95,D,D3,overnight supervisor,7 years,RENT,30000,Verified,Dec-18,Current,n,credit_card,67.68,0,Jun-95,2,61,,14,0,14906,59.2,15,w,23006.72,23006.72,1742.06,1742.06,993.28,748.78,0,0,0,Feb-19,890.95,Mar-19,Feb-19,0,Joint App,0,67646,1,2,1,1,6,52740,80,2,5,3780,74,"25,200",59.15%,2,0,9,6,5204,6948,60.7,0,0,42,225,7,6,0,7,,2,,1,7,11,7,7,3,11,11,11,14,0,0,0,3,93.3,28.6,0,0,91348,67646,17700,66148
6500,6500,6500, 36 months,10.72,211.95,B,B2,Dealer ,< 1 year,RENT,50000,Not Verified,Dec-18,Current,n,debt_consolidation,24.29,0,Mar-14,2,,,8,0,5724,40.3,10,w,6190.86,6190.86,418.09,418.09,309.14,108.95,0,0,0,Feb-19,211.95,Mar-19,Feb-19,0,Individual,0,39496,0,1,1,2,7,33772,,1,2,1588,40,"14,200",40.31%,0,0,3,4,5642,3083,46.8,0,0,56,57,12,7,0,12,,4,,0,4,6,4,4,3,7,7,6,8,0,0,0,2,100,0,0,0,50022,39496,5800,35822
25000,25000,25000, 36 months,16.91,890.2,C,C5,OFFICE MANAGER,10+ years,RENT,95000,Source Verified,Dec-18,Current,n,debt_consolidation,13.78,0,Feb-03,0,,,7,0,28594,48.2,11,w,23920.39,23920.39,1745.17,1745.17,1079.61,665.56,0,0,0,Feb-19,890.2,Mar-19,Feb-19,0,Individual,0,56546,0,3,2,2,7,27952,70,0,1,10727,57,"59,300",48.22%,1,0,1,3,8078,30706,48.2,0,0,133,190,20,7,0,20,,7,,0,4,4,4,5,6,4,5,4,7,0,0,0,2,100,0,0,0,99381,56546,59300,40081
8000,8000,8000, 36 months,10.72,260.86,B,B2,Goldsmith,2 years,RENT,95000,Not Verified,Dec-18,Current,n,credit_card,10.47,0,Sep-02,2,,34,17,1,14156,35.9,34,w,7810.6,7810.6,258.48,258.48,189.4,69.08,0,0,0,Feb-19,265.63,Mar-19,Feb-19,0,Individual,0,25875,1,2,1,1,7,11719,73,6,11,3232,47,"39,400",35.93%,0,3,5,12,1522,1890,79.2,0,0,135,195,4,4,0,8,,4,,0,3,12,3,8,6,15,28,12,17,0,0,0,7,100,66.7,1,0,55400,25875,9100,16000
21000,21000,21000, 60 months,15.02,499.81,C,C3,Lpn,5 years,OWN,50000,Source Verified,Dec-18,Current,n,debt_consolidation,0,0,Aug-07,0,,11,5,3,0,0,17,w,20523.11,20523.11,973.34,973.34,476.89,496.45,0,0,0,Feb-19,499.81,Mar-19,Feb-19,0,Individual,0,16802,1,1,0,0,32,16802,84,2,3,0,75,"2,300",0.00%,3,0,2,3,3360,1000,0,0,0,126,136,3,3,0,19,,10,,0,0,0,1,3,6,4,11,0,5,0,0,0,2,100,0,3,0,22300,16802,1000,20000
10000,10000,10000, 36 months,14.47,344.07,C,C2,Teacher ,10+ years,RENT,47000,Source Verified,Dec-18,Current,n,credit_card,15.25,0,Jul-96,3,36,,12,0,10299,58.2,28,w,9776.51,9776.51,340.05,340.05,223.49,116.56,0,0,0,Feb-19,352.11,Mar-19,Feb-19,0,Individual,0,10299,6,0,0,0,47,0,,9,14,2981,58,"17,700",58.19%,0,0,3,14,858,2660,72.6,0,0,47,174,1,1,0,5,71,1,71,2,5,11,5,10,1,12,26,11,12,0,0,0,9,92.9,60,0,0,17700,10299,9700,0
7500,7500,7500, 36 months,16.14,264.2,C,C4,lab tech,10+ years,OWN,50000,Source Verified,Dec-18,Current,n,home_improvement,16.11,0,Nov-14,0,,,10,0,8064,33.7,14,w,7171.15,7171.15,518.31,518.31,328.85,189.46,0,0,0,Feb-19,264.2,Mar-19,Feb-19,0,Individual,127,19324,1,2,1,2,4,11260,71,0,1,2387,49,"23,900",33.74%,0,1,2,3,1932,9836,45.1,0,0,38,49,24,4,0,31,,1,,0,5,5,6,6,5,8,9,5,10,0,0,0,1,100,0,0,0,39859,19324,17900,15959
30000,30000,30000, 36 months,16.91,1068.24,C,C5,customer service,10+ years,RENT,40000,Verified,Dec-18,Current,n,debt_consolidation,16.44,0,Jan-91,0,,,12,0,17964,38.4,26,w,28699.92,28699.92,2094.2,2094.2,1300.08,794.12,0,0,0,Feb-19,1068.24,Mar-19,Feb-19,0,Individual,0,29801,1,1,0,0,29,11837,79,4,4,9000,48,"46,800",38.38%,0,0,1,4,2483,18636,49.1,0,0,101,335,5,5,0,8,,8,,0,4,4,6,14,5,11,21,4,12,0,0,0,4,100,50,0,0,61800,29801,36600,15000
3775,3775,3775, 36 months,13.56,128.22,C,C1,,n/a,OWN,5000,Source Verified,Dec-18,Current,n,home_improvement,66.86,0,Aug-98,0,,63,4,1,2130,40.2,12,w,3689.43,3689.43,128.22,128.22,85.57,42.65,0,0,0,Feb-19,132.49,Mar-19,Feb-19,0,Joint App,0,5807,0,1,0,0,26,3677,40,0,0,1083,40,"5,300",40.19%,1,0,4,0,1452,174,92.1,0,0,116,244,50,26,0,50,,3,,0,2,3,2,4,6,3,6,3,4,0,0,0,0,100,100,1,0,14392,5807,2200,9092
5600,5600,5600, 36 months,11.31,184.17,B,B3,,n/a,RENT,20166,Not Verified,Dec-18,Current,n,debt_consolidation,39.58,0,Sep-88,0,,,4,0,14651,87.2,17,w,5335.98,5335.98,363.06,363.06,264.02,99.04,0,0,0,Feb-19,184.17,Mar-19,Feb-19,0,Individual,0,17115,0,1,0,1,15,2464,68,0,0,9916,84,"16,800",87.21%,0,0,0,1,4279,649,95.8,0,0,147,363,46,15,2,46,,,,0,2,2,2,5,5,3,10,2,4,0,0,0,0,100,100,0,0,20400,17115,15300,3600
6000,6000,6000, 36 months,16.14,211.36,C,C4,Facility Maintenance Tech,3 years,RENT,40000,Source Verified,Dec-18,Current,n,other,3.75,0,Aug-08,0,,,9,0,5580,10.4,15,w,5736.92,5736.92,414.65,414.65,263.08,151.57,0,0,0,Feb-19,211.36,Mar-19,Feb-19,0,Individual,924,6785,0,0,0,0,,0,,1,2,4230,12,"53,800",10.37%,1,0,1,3,754,42920,11.5,0,0,,124,10,10,0,53,,0,,0,2,2,4,7,0,8,14,2,9,0,0,0,1,100,0,0,0,55383,6785,48500,0
16000,16000,16000, 36 months,15.02,554.81,C,C3,Plumber,4 years,OWN,50000,Source Verified,Dec-18,Current,n,debt_consolidation,17.79,0,Dec-07,0,35,,11,0,10108,65.2,23,w,15286.48,15286.48,1089.59,1089.59,713.52,376.07,0,0,0,Feb-19,554.81,Mar-19,Feb-19,0,Individual,0,28254,0,2,1,3,8,18146,79,0,3,2475,74,"15,500",65.21%,0,6,1,6,2825,2847,74.1,0,0,132,120,13,8,0,13,35,8,35,0,5,7,6,8,9,9,14,7,11,0,0,0,1,82.6,66.7,0,0,38363,28254,11000,22863
15000,15000,15000, 36 months,16.14,528.4,C,C4,asst.mgr,3 years,RENT,60000,Source Verified,Dec-18,Current,n,credit_card,18.86,0,Aug-08,1,,,11,0,5311,49.2,24,w,14342.31,14342.31,1036.62,1036.62,657.69,378.93,0,0,0,Feb-19,528.4,Mar-19,Feb-19,0,Individual,0,29454,2,2,4,6,7,24143,78,3,7,2155,70,"10,800",49.18%,2,0,5,13,2678,3158,55.5,0,0,124,118,1,1,0,1,,1,,0,3,7,4,5,14,9,10,7,11,0,0,0,7,100,0,0,0,41884,29454,7100,31084
21000,21000,21000, 60 months,15.02,499.81,C,C3,Police Captain,10+ years,RENT,109000,Not Verified,Dec-18,Current,n,debt_consolidation,23.25,0,Sep-97,2,66,,7,0,2472,6.2,19,w,20523.11,20523.11,973.34,973.34,476.89,496.45,0,0,0,Feb-19,499.81,Mar-19,Feb-19,0,Individual,0,70738,2,4,2,4,4,68266,76,0,0,1165,41,"39,700",6.23%,2,0,2,4,10105,37228,6.2,0,0,127,255,35,4,0,35,70,6,70,1,3,3,3,4,15,3,4,3,7,0,0,0,2,84.2,0,0,0,119923,70738,39700,80223
25000,25000,25000, 60 months,20.89,674.79,D,D4,Veterinary Assistant ,1 year,MORTGAGE,70000,Not Verified,Dec-18,Current,n,debt_consolidation,26.08,0,Jan-00,0,,,12,0,43749,80,19,w,24516.67,24516.67,1306.06,1306.06,483.33,822.73,0,0,0,Feb-19,674.79,Mar-19,Feb-19,0,Individual,0,160400,0,0,0,0,219,0,0,0,1,10550,80,"54,554",80.19%,0,1,0,1,13366,4426,103,0,0,219,227,13,13,1,13,,13,,0,6,11,10,10,1,11,17,11,12,,0,0,0,100,100,0,0,184656,43749,26554,0
1000,1000,975, 36 months,8.19,31.43,A,A4,Project manager,10+ years,MORTGAGE,78000,Source Verified,Dec-18,Current,n,other,8.58,0,Jan-05,1,36,,10,0,7233,18,26,f,950.62,926.86,62.18,60.63,49.38,12.8,0,0,0,Feb-19,31.43,Mar-19,Feb-19,0,Individual,738,289602,3,1,0,2,14,12074,59,4,4,6462,32,"40,100",18.04%,3,5,3,8,28960,21656,24.8,0,0,138,167,1,1,3,4,,1,36,0,3,4,4,6,11,8,12,4,10,0,0,0,5,92.3,0,0,0,331993,19307,28800,20593
16000,16000,16000, 60 months,20.89,431.87,D,D4,Regional Manager,10+ years,RENT,200000,Verified,Dec-18,Current,n,credit_card,14.42,0,Feb-07,0,,,17,0,14270,87.5,20,w,15690.66,15690.66,835.89,835.89,309.34,526.55,0,0,0,Feb-19,431.87,Mar-19,Feb-19,0,Individual,0,68613,0,5,2,3,8,54343,78,0,1,1459,79,"16,300",87.55%,4,0,6,4,4036,1213,81.6,0,0,49,142,18,8,0,18,,8,,0,5,12,5,5,5,12,15,12,17,0,0,0,2,100,80,0,0,86399,68613,6600,70099
